S.No,Flight Number,Date,From,To,Aircraft,Flight time,STD,ATD,STA,,ATA,,
1,AI2739,,,,,,,,,,,,
,,"
25 Jul 2025",Mumbai (BOM),Chennai (MAA),A20N (VT-TQA),1:34,9:00 AM,9:28 AM,11:00 AM,,Landed 11:02 AM,,
,,"
24 Jul 2025",Mumbai (BOM),Chennai (MAA),A20N (VT-TNR),1:36,9:00 AM,9:11 AM,11:00 AM,,Landed 10:46 AM,,
,,23-Jul-25,Mumbai (BOM),Chennai (MAA),A20N (VT-TQJ),1:35,9:00 AM,9:20 AM,11:00 AM,,Landed 10:55 AM,,
,,22-Jul-25,Mumbai (BOM),Chennai (MAA),A20N (VT-TNF),1:37,9:00 AM,9:17 AM,11:00 AM,,Landed 10:54 AM,,
,,"
21 Jul 2025",Mumbai (BOM),Chennai (MAA),A20N (VT-TQJ),1:35,9:00 AM,9:40 AM,11:00 AM,,Landed 11:14 AM,,
,,20-Jul-25,Mumbai (BOM),Chennai (MAA),A20N (VT-TNP),1:33,9:00 AM,9:17 AM,11:00 AM,,Landed 10:49 AM,,
,,19-Jul-25,Mumbai (BOM),Chennai (MAA),A20N (VT-TNZ),1:34,9:00 AM,9:08 AM,11:00 AM,,Landed 10:41 AM,,
,,,,,,,,,,,,,
2,QP1518,,,,,,,,,,,,
,,25-Jul-25,Mumbai (BOM),Cochin (COK),B38M (VT-YAB),1:36,9:10 AM,9:41 AM,11:15 AM,,Landed 11:17 AM, ,
, ,24-Jul-25,Mumbai (BOM),Cochin (COK),B38M (VT-YAP),1:33,9:10 AM,9:21 AM,11:15 AM,,Landed 10:54 AM,  , 
, ,23-Jul-25,Mumbai (BOM),Cochin (COK),B38M (VT-YAR),1:35,9:10 AM,9:54 AM,11:15 AM,,Landed 11:29 AM,  , 
, ,22-Jul-25,Mumbai (BOM),Cochin (COK),B38M (VT-YBB),1:31,9:10 AM,11:52 AM,11:15 AM,,Landed 1:23 PM,  , 
, ,21-Jul-25,Mumbai (BOM),Cochin (COK),B38M (VT-YAF),1:33,9:10 AM,3:00 PM,11:15 AM,,Landed 4:33 PM,  , 
, ,20-Jul-25,Mumbai (BOM),Cochin (COK),B38M (VT-YAL),1:37,8:50 AM,8:59 AM,10:55 AM,,Landed 10:36 AM,  , 
, ,19-Jul-25,Mumbai (BOM),Cochin (COK),B38M (VT-YAH),1:31,9:10 AM,9:22 AM,11:15 AM,,Landed 10:54 AM,,
,,,,,,,,,,,,,
3,AI645,,,,,,,,,,,,
,,25-Jul-25,Mumbai (BOM),Jodhpur (JDH),A319 (VT-SCV),1:19,9:15 AM,9:36 AM,11:05 AM,,Landed 10:54 AM,  , 
, ,24-Jul-25,Mumbai (BOM),Jodhpur (JDH),A319 (VT-SCF),1:17,9:15 AM,9:44 AM,11:05 AM,,Landed 11:01 AM,  , 
, ,23-Jul-25,Mumbai (BOM),Jodhpur (JDH),A319 (VT-SCV),1:22,9:15 AM,10:02 AM,11:05 AM,,Landed 11:24 AM,  , 
, ,22-Jul-25,Mumbai (BOM),Jodhpur (JDH),A319 (VT-SCF),1:20,9:15 AM,9:27 AM,11:05 AM,,Landed 10:47 AM,  , 
, ,21-Jul-25,Mumbai (BOM),Jodhpur (JDH),A20N (VT-EXQ),1:17,9:15 AM,10:58 AM,11:05 AM,,Landed 12:15 PM,  , 
, ,20-Jul-25,Mumbai (BOM),Jodhpur (JDH),A319 (VT-SCF),1:22,9:15 AM,9:14 AM,11:05 AM,,Landed 10:35 AM,  , 
, ,19-Jul-25,Mumbai (BOM),Jodhpur (JDH),A319 (VT-SCV),1:15,9:15 AM,9:25 AM,11:05 AM,,Landed 10:40 AM,,
,,,,,,,,,,,,,
4,6E6057,,,,,,,,,,,,
, ,25-Jul-25,Mumbai (BOM),Goa (GOX),A20N (VT-IQZ),0:44,9:15 AM,9:38 AM,10:30 AM,,Landed 10:22 AM,  , 
, ,24-Jul-25,Mumbai (BOM),Goa (GOX),A20N (VT-IPW),0:46,9:15 AM,9:20 AM,10:30 AM,,Landed 10:06 AM,  , 
, ,23-Jul-25,Mumbai (BOM),Goa (GOX),A20N (VT-IPW),0:44,9:15 AM,9:49 AM,10:30 AM,,Landed 10:33 AM,  , 
, ,22-Jul-25,Mumbai (BOM),Goa (GOX),A20N (VT-ISS),0:46,9:15 AM,9:23 AM,10:30 AM,,Landed 10:09 AM,  , 
, ,21-Jul-25,Mumbai (BOM),Goa (GOX),A20N (VT-IXO),0:47,9:15 AM,11:32 AM,10:30 AM,,Landed 12:18 PM,  , 
, ,20-Jul-25,Mumbai (BOM),Goa (GOX),A20N (VT-IQG),0:50,9:15 AM,9:24 AM,10:30 AM,,Landed 10:14 AM,  , 
, ,19-Jul-25,Mumbai (BOM),Goa (GOX),A20N (VT-IXK),0:45,9:15 AM,9:09 AM,10:30 AM,,Landed 9:53 AM,,
,,,,,,,,,,,,,
5,AI2863,,,,,,,,,,,,
, ,25-Jul-25,Mumbai (BOM),Bengaluru (BLR),A20N (VT-TNY),1:23,9:20 AM,9:55 AM,11:00 AM,,Landed 11:18 AM,  , 
, ,24-Jul-25,Mumbai (BOM),Bengaluru (BLR),A20N (VT-TNF),1:22,9:20 AM,9:34 AM,11:00 AM,,Landed 10:56 AM,  , 
, ,23-Jul-25,Mumbai (BOM),Bengaluru (BLR),A20N (VT-TNQ),1:22,9:20 AM,9:37 AM,11:00 AM,,Landed 10:59 AM,  , 
, ,22-Jul-25,Mumbai (BOM),Bengaluru (BLR),A20N (VT-TQB),1:17,9:20 AM,9:51 AM,11:00 AM,,Landed 11:08 AM,  , 
, ,21-Jul-25,Mumbai (BOM),Bengaluru (BLR),A20N (VT-TNS),1:21,9:20 AM,10:44 AM,11:00 AM,,Landed 12:05 PM,  , 
, ,20-Jul-25,Mumbai (BOM),Bengaluru (BLR),A20N (VT-TQM),1:21,9:20 AM,9:19 AM,11:00 AM,,Landed 10:40 AM,  , 
, ,19-Jul-25,Mumbai (BOM),Bengaluru (BLR),A20N (VT-TQR),1:18,9:20 AM,9:27 AM,11:00 AM,,Landed 10:44 AM,,
,,,,,,,,,,,,,
6,AI2960,,,,,,,,,,,,
, ,25-Jul-25,Mumbai (BOM),Delhi (DEL),A20N (VT-RTU),1:51,9:25 AM,9:49 AM,11:40 AM,,Landed 11:40 AM,  , 
, ,24-Jul-25,Mumbai (BOM),Delhi (DEL),A20N (VT-TQL),1:43,9:25 AM,9:41 AM,11:40 AM,,Landed 11:25 AM,  , 
, ,23-Jul-25,Mumbai (BOM),Delhi (DEL),A20N (VT-TNW),1:43,9:25 AM,9:46 AM,11:40 AM,,Landed 11:30 AM,  , 
, ,22-Jul-25,Mumbai (BOM),Delhi (DEL),A20N (VT-RIO),1:53,9:25 AM,9:33 AM,11:40 AM,,Landed 11:26 AM,  , 
, ,21-Jul-25,Mumbai (BOM),Delhi (DEL),A20N (VT-EXG),1:45,9:25 AM,10:36 AM,11:40 AM,,Landed 12:21 PM,  , 
, ,20-Jul-25,Mumbai (BOM),Delhi (DEL),A20N (VT-RTJ),1:47,9:25 AM,9:32 AM,11:40 AM,,Landed 11:19 AM,  , 
, ,19-Jul-25,Mumbai (BOM),Delhi (DEL),A20N (VT-RTZ),1:42,9:25 AM,9:37 AM,11:40 AM,,Landed 11:19 AM,,
,,,,,,,,,,,,,
7,BA134,,,,,,,,,,,,
, ,24-Jul-25,Mumbai (BOM),London (LHR),B772 (G-YMMS),8:52,9:30 AM,9:56 AM,2:55 PM,,Landed 2:17 PM,  , 
, ,23-Jul-25,Mumbai (BOM),London (LHR),B772 (G-YMMG),8:59,9:30 AM,9:57 AM,2:55 PM,,Landed 2:26 PM,  , 
, ,22-Jul-25,Mumbai (BOM),London (LHR),B772 (G-YMMT),8:58,9:30 AM,12:20 PM,2:55 PM,,Landed 4:48 PM,  , 
, ,21-Jul-25,Mumbai (BOM),London (LHR),B772 (G-YMMT),8:51,9:30 AM,12:55 PM,2:55 PM,,Landed 5:16 PM,  , 
, ,20-Jul-25,Mumbai (BOM),London (LHR),B772 (G-YMMU),9:28,9:30 AM,9:42 AM,2:55 PM,,Landed 2:40 PM,  , 
, ,19-Jul-25,Mumbai (BOM),London (LHR),B772 (G-YMMU),9:10,9:30 AM,9:55 AM,2:55 PM,,Landed 2:34 PM,  , 
, ,18-Jul-25,Mumbai (BOM),London (LHR),B772 (G-YMMI),9:06,9:30 AM,9:41 AM,2:55 PM,,Landed 2:16 PM,  , 
,,,,,,,,,,,,,
8,S5161,,,,,,,,,,,,
, ,25-Jul-25,Mumbai (BOM),Kolhapur (KLH),E75L (VT-GSI),0:41,9:30 AM,10:05 AM,10:35 AM,,Landed 10:46 AM,  , 
, ,24-Jul-25,Mumbai (BOM),Kolhapur (KLH),E75L (VT-GSI),0:48,9:30 AM,9:26 AM,10:35 AM,,Landed 10:14 AM,  , 
, ,23-Jul-25,Mumbai (BOM),Kolhapur (KLH),E75L (VT-GSI),0:43,9:30 AM,9:41 AM,10:35 AM,,Landed 10:25 AM,  , 
, ,22-Jul-25,Mumbai (BOM),Kolhapur (KLH),E75L (VT-GSI),0:39,9:30 AM,9:54 AM,10:35 AM,,Landed 10:33 AM,  , 
, ,21-Jul-25,Mumbai (BOM),Kolhapur (KLH),E75L (VT-GSI),0:39,9:30 AM,1:03 PM,10:35 AM,,Landed 1:42 PM,  , 
, ,20-Jul-25,Mumbai (BOM),Kolhapur (KLH),E75L (VT-GSI),0:43,9:30 AM,10:36 AM,10:35 AM,,Landed 11:19 AM,  , 
, ,19-Jul-25,Mumbai (BOM),Kolhapur (KLH),E75L (VT-GSI),0:42,9:30 AM,9:38 AM,10:35 AM,,Landed 10:20 AM,,
,,,,,,,,,,,,,
9,6E1305,,,,,,,,,,,,
, ,25-Jul-25,Mumbai (BOM),Doha (DOH),B38M (A7-BSA),2:52,9:35 AM,9:58 AM,10:35 AM,,Landed 10:20 AM,  , 
, ,24-Jul-25,Mumbai (BOM),Doha (DOH),B38M (A7-BSE),2:54,9:35 AM,9:48 AM,10:35 AM,,Landed 10:12 AM,  , 
, ,23-Jul-25,Mumbai (BOM),Doha (DOH),B38M (A7-BSE),2:49,9:35 AM,9:53 AM,10:35 AM,,Landed 10:13 AM,  , 
, ,22-Jul-25,Mumbai (BOM),Doha (DOH),B38M (A7-BSE),2:51,9:35 AM,11:10 AM,10:35 AM,,Landed 11:31 AM,  , 
, ,21-Jul-25,Mumbai (BOM),Doha (DOH),A20N (VT-IXH),2:47,9:35 AM,3:57 PM,10:35 AM,,Landed 4:14 PM,  , 
, ,20-Jul-25,Mumbai (BOM),Doha (DOH),B38M (A7-BSE),2:51,9:35 AM,9:47 AM,10:35 AM,,Landed 10:07 AM,  , 
, ,19-Jul-25,Mumbai (BOM),Doha (DOH),B38M (A7-BSE),2:52,9:35 AM,9:46 AM,10:35 AM,,Landed 10:08 AM,,
,,,,,,,,,,,,,
10,AI2663,,,,,,,,,,,,
, ,25-Jul-25,Mumbai (BOM),Srinagar (SXR),A20N (VT-TQS),2:16,9:40 AM,10:20 AM,12:40 PM,,Landed 12:36 PM,  , 
, ,24-Jul-25,Mumbai (BOM),Srinagar (SXR),A20N (VT-TQM),2:22,9:40 AM,9:54 AM,12:40 PM,,Landed 12:16 PM,  , 
, ,23-Jul-25,Mumbai (BOM),Srinagar (SXR),A20N (VT-TQA),2:15,9:40 AM,9:59 AM,12:40 PM,,Landed 12:14 PM,  , 
, ,22-Jul-25,Mumbai (BOM),Srinagar (SXR),A20N (VT-TNC),2:21,9:40 AM,9:48 AM,12:40 PM,,Landed 12:09 PM,  , 
, ,21-Jul-25,Mumbai (BOM),Srinagar (SXR),A20N (VT-TNF),2:23,9:40 AM,11:45 AM,12:40 PM,,Landed 2:08 PM,  , 
, ,20-Jul-25,Mumbai (BOM),Srinagar (SXR),A20N (VT-TQT),2:21,9:40 AM,9:51 AM,12:40 PM,,Landed 12:12 PM,  , 
, ,19-Jul-25,Mumbai (BOM),Srinagar (SXR),A20N (VT-TNQ),2:21,9:40 AM,9:42 AM,12:40 PM,,Landed 12:02 PM,,
,,,,,,,,,,,,,
11,6E1115,,,,,,,,,,,,
, ,25-Jul-25,Mumbai (BOM),Dhaka (DAC),A21N (VT-IML),2:41,9:40 AM,10:45 AM,1:10 PM,,Landed 1:56 PM,  , 
, ,24-Jul-25,Mumbai (BOM),Dhaka (DAC),A21N (VT-IMZ),2:43,9:40 AM,10:24 AM,1:10 PM,,Landed 1:36 PM,  , 
, ,23-Jul-25,Mumbai (BOM),Dhaka (DAC),A21N (VT-IBW),2:35,9:40 AM,10:37 AM,1:10 PM,,Landed 1:42 PM,  , 
, ,22-Jul-25,Mumbai (BOM),Dhaka (DAC),A21N (VT-ICG),2:42,9:40 AM,10:23 AM,1:10 PM,,Landed 1:35 PM,  , 
, ,21-Jul-25,Mumbai (BOM),Dhaka (DAC),A21N (VT-ICY),2:52,9:40 AM,12:23 PM,1:10 PM,,Landed 3:45 PM,  , 
, ,20-Jul-25,Mumbai (BOM),Dhaka (DAC),A21N (VT-ICY),2:32,9:40 AM,9:58 AM,1:10 PM,,Landed 1:00 PM,  , 
, ,19-Jul-25,Mumbai (BOM),Dhaka (DAC),A21N (VT-IBJ),2:36,9:40 AM,10:00 AM,1:10 PM,,Landed 1:05 PM,,
,,,,,,,,,,,,,
,,,,,,,,,,,,,
12,6E2264,,,,,,,,,,,,
, ,25-Jul-25,Mumbai (BOM),Chandigarh (IXC),A320 (VT-IFP),1:49,9:40 AM,9:59 AM,11:55 AM,,Landed 11:48 AM,  , 
, ,24-Jul-25,Mumbai (BOM),Chandigarh (IXC),A20N (VT-IZE),2:03,9:40 AM,10:01 AM,11:55 AM,,Landed 12:04 PM,  , 
, ,23-Jul-25,Mumbai (BOM),Chandigarh (IXC),A20N (VT-IIM),2:01,9:40 AM,10:05 AM,11:55 AM,,Landed 12:06 PM,  , 
, ,22-Jul-25,Mumbai (BOM),Chandigarh (IXC),A20N (VT-IIX),1:50,9:40 AM,10:12 AM,11:55 AM,,Landed 12:02 PM,  , 
, ,21-Jul-25,Mumbai (BOM),Chandigarh (IXC),A20N (VT-IIU),1:54,9:40 AM,12:42 PM,11:55 AM,,Landed 2:36 PM,  , 
, ,20-Jul-25,Mumbai (BOM),Amritsar (ATQ),A320 (VT-IFK),1:52,9:40 AM,10:03 AM,11:55 AM,,Landed 11:55 AM,  , 
, ,19-Jul-25,Mumbai (BOM),Chandigarh (IXC),A20N (VT-IJX),1:54,9:40 AM,9:52 AM,11:55 AM,,Landed 11:46 AM,,
,,,,,,,,,,,,,
13,AI2579,,,,,,,,,,,,
, ,25-Jul-25,Mumbai (BOM),Udaipur (UDR),A20N (VT-CIO),1:02,9:45 AM,11:02 AM,11:15 AM,,Landed 12:04 PM,  , 
, ,24-Jul-25,Mumbai (BOM),Udaipur (UDR),A20N (VT-TYC),1:03,9:45 AM,10:22 AM,11:15 AM,,Landed 11:25 AM,  , 
, ,23-Jul-25,Mumbai (BOM),Udaipur (UDR),A20N (VT-TYB),1:07,9:45 AM,10:32 AM,11:15 AM,,Landed 11:39 AM,  , 
, ,22-Jul-25,Mumbai (BOM),Udaipur (UDR),A20N (VT-TYB),1:06,9:45 AM,10:25 AM,11:15 AM,,Landed 11:31 AM,  , 
, ,21-Jul-25,Mumbai (BOM),Udaipur (UDR),A20N (VT-TYB),1:03,9:45 AM,2:16 PM,11:15 AM,,Landed 3:19 PM,  , 
, ,20-Jul-25,Mumbai (BOM),Udaipur (UDR),A20N (VT-TYB),1:05,9:45 AM,10:05 AM,11:15 AM,,Landed 11:10 AM,  , 
, ,19-Jul-25,Mumbai (BOM),Udaipur (UDR),A20N (VT-TYE),1:17,9:45 AM,10:36 AM,11:15 AM,,Landed 11:53 AM,,
,,,,,,,,,,,,,
14,6E5092,,,,,,,,,,,,
, ,25-Jul-25,Mumbai (BOM),Bengaluru (BLR),A21N (VT-NCC),1:25,9:50 AM,10:03 AM,12:00 PM,,Landed 11:28 AM,  , 
, ,24-Jul-25,Mumbai (BOM),Bengaluru (BLR),A21N (VT-NCE),1:21,9:50 AM,9:49 AM,12:00 PM,,Landed 11:10 AM,  , 
, ,23-Jul-25,Mumbai (BOM),Bengaluru (BLR),A21N (VT-NCE),1:21,9:50 AM,10:06 AM,12:00 PM,,Landed 11:27 AM,  , 
, ,22-Jul-25,Mumbai (BOM),Bengaluru (BLR),A21N (VT-NCQ),1:15,9:50 AM,9:57 AM,12:00 PM,,Landed 11:12 AM,  , 
, ,21-Jul-25,Mumbai (BOM),Bengaluru (BLR),A21N (VT-NCD),1:26,9:50 AM,11:08 AM,12:00 PM,,Landed 12:33 PM,  , 
, ,20-Jul-25,Mumbai (BOM),Bengaluru (BLR),A21N (VT-NCD),1:18,9:50 AM,10:01 AM,12:00 PM,,Landed 11:19 AM,  , 
, ,19-Jul-25,Mumbai (BOM),Bengaluru (BLR),A21N (VT-IWV),1:21,9:50 AM,10:06 AM,12:00 PM,,Landed 11:27 AM,,
,,,,,,,,,,,,,
15,6E5313,,,,,,,,,,,,
, ,25-Jul-25,Mumbai (BOM),Chennai (MAA),A21N (VT-ILD),1:34,9:55 AM,10:35 AM,12:00 PM,,Landed 12:09 PM,  , 
, ,24-Jul-25,Mumbai (BOM),Chennai (MAA),A21N (VT-IBJ),1:32,9:55 AM,10:07 AM,12:00 PM,,Landed 11:39 AM,  , 
, ,23-Jul-25,Mumbai (BOM),Chennai (MAA),A21N (VT-IME),1:34,9:55 AM,10:09 AM,12:00 PM,,Landed 11:44 AM,  , 
, ,22-Jul-25,Mumbai (BOM),Chennai (MAA),A21N (VT-ICQ),1:36,9:55 AM,10:07 AM,12:00 PM,,Landed 11:42 AM,  , 
, ,21-Jul-25,Mumbai (BOM),Chennai (MAA),A21N (VT-ILH),1:31,9:55 AM,12:44 PM,12:00 PM,,Landed 2:15 PM,  , 
, ,20-Jul-25,Mumbai (BOM),Chennai (MAA),A21N (VT-ICQ),1:35,9:55 AM,10:16 AM,12:00 PM,,Landed 11:50 AM,  , 
, ,19-Jul-25,Mumbai (BOM),Chennai (MAA),A21N (VT-ICC),1:31,9:55 AM,9:57 AM,12:00 PM,,Landed 11:27 AM,,
,,,,,,,,,,,,,
16,AI2430,,,,,,,,,,,,
, ,25-Jul-25,Mumbai (BOM),Delhi (DEL),A20N (VT-ATV),1:49,10:00 AM,10:22 AM,12:15 PM,,Landed 12:11 PM,  , 
, ,24-Jul-25,Mumbai (BOM),Delhi (DEL),A20N (VT-TNE),1:42,10:00 AM,10:18 AM,12:15 PM,,Landed 12:00 PM,  , 
, ,23-Jul-25,Mumbai (BOM),Delhi (DEL),A20N (VT-TNI),1:43,10:00 AM,10:17 AM,12:15 PM,,Landed 12:00 PM,  , 
, ,22-Jul-25,Mumbai (BOM),Delhi (DEL),A20N (VT-TNK),2:09,10:00 AM,10:14 AM,12:15 PM,,Landed 12:23 PM,  , 
, ,21-Jul-25,Mumbai (BOM),Delhi (DEL),A20N (VT-TQO),1:42,10:00 AM,12:03 PM,12:15 PM,,Landed 1:45 PM,  , 
, ,20-Jul-25,Mumbai (BOM),Delhi (DEL),A20N (VT-TQN),1:42,10:00 AM,10:08 AM,12:15 PM,,Landed 11:50 AM,  , 
, ,19-Jul-25,Mumbai (BOM),Delhi (DEL),A20N (VT-TQK),1:46,10:00 AM,10:10 AM,12:15 PM,,Landed 11:56 AM,,
,,,,,,,,,,,,,
17,6E5165,,,,,,,,,,,,
, ,25-Jul-25,Mumbai (BOM),Kolkata (CCU),A21N (VT-IUO),2:29,10:05 AM,10:48 AM,12:55 PM,,Landed 1:18 PM,  , 
, ,24-Jul-25,Mumbai (BOM),Kolkata (CCU),A21N (VT-ICI),2:22,10:05 AM,10:14 AM,12:55 PM,,Landed 12:36 PM,  , 
, ,23-Jul-25,Mumbai (BOM),Kolkata (CCU),A21N (VT-IMI),2:21,10:05 AM,10:21 AM,12:55 PM,,Landed 12:42 PM,  , 
, ,22-Jul-25,Mumbai (BOM),Kolkata (CCU),A21N (VT-ICC),2:20,10:05 AM,10:17 AM,12:55 PM,,Landed 12:37 PM,  , 
, ,21-Jul-25,Mumbai (BOM),Kolkata (CCU),A21N (VT-ICT),2:24,10:05 AM,11:26 AM,12:55 PM,,Landed 1:51 PM,  , 
, ,20-Jul-25,Mumbai (BOM),Kolkata (CCU),A21N (VT-ILI),2:25,10:05 AM,10:10 AM,12:55 PM,,Landed 12:36 PM,  , 
, ,19-Jul-25,Mumbai (BOM),Kolkata (CCU),A21N (VT-ILV),2:24,10:05 AM,10:27 AM,12:55 PM,,Landed 12:50 PM,,
,,,,,,,,,,,,,
18,AI2107,,,,,,,,,,,,
, ,25-Jul-25,Mumbai (BOM),Singapore (SIN),A20N (VT-TQF),5:34,10:05 AM,10:29 AM,6:30 PM,,Landed 6:33 PM,  , 
, ,24-Jul-25,Mumbai (BOM),Singapore (SIN),A20N (VT-TQF),5:29,10:05 AM,10:06 AM,6:30 PM,,Landed 6:05 PM,  , 
, ,23-Jul-25,Mumbai (BOM),Singapore (SIN),A21N (VT-TVF),5:24,10:05 AM,10:24 AM,6:30 PM,,Landed 6:17 PM,  , 
, ,22-Jul-25,Mumbai (BOM),Singapore (SIN),A21N (VT-TVF),5:20,10:05 AM,10:37 AM,6:30 PM,,Landed 6:26 PM,  , 
, ,21-Jul-25,Mumbai (BOM),Singapore (SIN),A21N (VT-TVF),5:14,10:05 AM,12:04 PM,6:30 PM,,Landed 7:48 PM,  , 
, ,20-Jul-25,Mumbai (BOM),Singapore (SIN),A21N (VT-TVF),5:27,10:05 AM,12:02 PM,6:30 PM,,Landed 7:59 PM,  , 
, ,19-Jul-25,Mumbai (BOM),Singapore (SIN),A21N (VT-TVD),5:49,9:15 AM,9:31 AM,5:40 PM,,Landed 5:49 PM,,
,,,,,,,,,,,,,
19,AI2877,,,,,,,,,,,,
, ,25-Jul-25,Mumbai (BOM),Hyderabad (HYD),A20N (VT-TQE),1:06,10:05 AM,10:32 AM,11:35 AM,,Landed 11:38 AM,  , 
, ,24-Jul-25,Mumbai (BOM),Hyderabad (HYD),A20N (VT-TQA),1:09,10:05 AM,10:25 AM,11:35 AM,,Landed 11:35 AM,  , 
, ,23-Jul-25,Mumbai (BOM),Hyderabad (HYD),A20N (VT-TQU),1:04,10:05 AM,10:35 AM,11:35 AM,,Landed 11:38 AM,  , 
, ,22-Jul-25,Mumbai (BOM),Hyderabad (HYD),A20N (VT-TQK),1:09,10:05 AM,10:40 AM,11:35 AM,,Landed 11:49 AM,  , 
, ,21-Jul-25,Mumbai (BOM),Hyderabad (HYD),A20N (VT-TQM),1:06,10:05 AM,12:09 PM,11:35 AM,,Landed 1:15 PM,  , 
, ,20-Jul-25,Mumbai (BOM),Hyderabad (HYD),A20N (VT-TQK),1:02,10:05 AM,10:18 AM,11:35 AM,,Landed 11:20 AM,  , 
, ,19-Jul-25,Mumbai (BOM),Hyderabad (HYD),A20N (VT-TNJ),1:07,10:05 AM,10:20 AM,11:35 AM,,Landed 11:27 AM,,
,,,,,,,,,,,,,
20,6E791,,,,,,,,,,,,
, ,25-Jul-25,Mumbai (BOM),Jabalpur (JLR),A20N (VT-ISP),1:25,10:10 AM,10:53 AM,12:05 PM,,Landed 12:18 PM,  , 
, ,24-Jul-25,Mumbai (BOM),Jabalpur (JLR),A20N (VT-IQG),1:22,10:10 AM,10:28 AM,12:05 PM,,Landed 11:50 AM,  , 
, ,23-Jul-25,Mumbai (BOM),Jabalpur (JLR),A20N (VT-IIL),1:35,10:10 AM,10:14 AM,12:05 PM,,Landed 11:49 AM,  , 
, ,22-Jul-25,Mumbai (BOM),Jabalpur (JLR),A20N (VT-IIE),1:30,10:10 AM,10:31 AM,12:05 PM,,Landed 12:01 PM,  , 
, ,21-Jul-25,Mumbai (BOM),Jabalpur (JLR),A20N (VT-ITR),1:27,10:10 AM,12:31 PM,12:05 PM,,Landed 1:58 PM,  , 
, ,20-Jul-25,Mumbai (BOM),Jabalpur (JLR),A320 (VT-IFN),1:29,10:10 AM,10:20 AM,12:05 PM,,Landed 11:49 AM,  , 
, ,19-Jul-25,Mumbai (BOM),Jabalpur (JLR),A20N (VT-ITR),1:15,10:10 AM,10:03 AM,12:05 PM,,Landed 11:18 AM, ,
,,,,,,,,,,,,,
21,EK505,,,,,,,,,,,,
, ,25-Jul-25,Mumbai (BOM),Dubai (DXB),B77W (A6-EGK),2:27,10:15 AM,10:50 AM,11:45 AM,,Landed 11:47 AM,  , 
, ,24-Jul-25,Mumbai (BOM),Dubai (DXB),B77W (A6-EGX),2:15,10:15 AM,10:36 AM,11:45 AM,,Landed 11:21 AM,  , 
, ,23-Jul-25,Mumbai (BOM),Dubai (DXB),B77W (A6-ENG),2:25,10:15 AM,10:42 AM,11:45 AM,,Landed 11:38 AM,  , 
, ,22-Jul-25,Mumbai (BOM),Dubai (DXB),B77W (A6-EGO),2:21,10:15 AM,10:48 AM,11:45 AM,,Landed 11:39 AM,  , 
, ,21-Jul-25,Mumbai (BOM),Dubai (DXB),B77L (A6-EWF),2:16,10:15 AM,12:47 PM,11:45 AM,,Landed 1:32 PM,  , 
, ,20-Jul-25,Mumbai (BOM),Dubai (DXB),B77W (A6-EGP),2:22,10:15 AM,10:34 AM,11:45 AM,,Landed 11:26 AM,  , 
, ,19-Jul-25,Mumbai (BOM),Dubai (DXB),B77W (A6-EPF),2:30,10:15 AM,10:53 AM,11:45 AM,,Landed 11:54 AM,,
,,,,,,,,,,,,,
22,AI695,,,,,,,,,,,,
, ,25-Jul-25,Mumbai (BOM),Varanasi (VNS),A319 (VT-SCF),1:57,10:20 AM,10:38 AM,12:35 PM,,Landed 12:34 PM,  , 
, ,24-Jul-25,Mumbai (BOM),Varanasi (VNS),A319 (VT-SCV),1:53,10:15 AM,10:43 AM,12:35 PM,,Landed 12:35 PM,  , 
, ,23-Jul-25,Mumbai (BOM),Varanasi (VNS),A319 (VT-SCF),1:55,10:30 AM,10:48 AM,12:50 PM,,Landed 12:44 PM,  , 
, ,22-Jul-25,Mumbai (BOM),Varanasi (VNS),A319 (VT-SCV),1:56,10:20 AM,10:41 AM,12:35 PM,,Landed 12:36 PM,  , 
, ,21-Jul-25,Mumbai (BOM),Varanasi (VNS),A319 (VT-SCF),1:58,10:20 AM,12:14 PM,12:35 PM,,Landed 2:12 PM,  , 
, ,20-Jul-25,Mumbai (BOM),Varanasi (VNS),A319 (VT-SCV),1:57,10:20 AM,10:39 AM,12:35 PM,,Landed 12:36 PM,  , 
, ,19-Jul-25,Mumbai (BOM),Varanasi (VNS),A319 (VT-SCF),1:55,10:20 AM,10:41 AM,12:35 PM,,Landed 12:36 PM,,
,,,,,,,,,,,,,
23,6E5181,,,,,,,,,,,,
, ,25-Jul-25,Mumbai (BOM),Indore (IDR),A21N (VT-IMZ),0:53,10:20 AM,11:08 AM,11:45 AM,,Landed 12:01 PM,  , 
, ,24-Jul-25,Mumbai (BOM),Indore (IDR),A21N (VT-IBW),0:59,10:20 AM,10:34 AM,11:45 AM,,Landed 11:33 AM,  , 
, ,23-Jul-25,Mumbai (BOM),Indore (IDR),A21N (VT-ICG),0:57,10:20 AM,11:52 AM,11:45 AM,,Landed 12:49 PM,  , 
, ,22-Jul-25,Mumbai (BOM),Indore (IDR),A21N (VT-ICO),0:56,10:20 AM,10:47 AM,11:45 AM,,Landed 11:44 AM,  , 
, ,21-Jul-25,Mumbai (BOM),Indore (IDR),A21N (VT-IBO),0:59,10:20 AM,11:15 AM,11:45 AM,,Landed 12:14 PM,  , 
, ,20-Jul-25,Mumbai (BOM),Indore (IDR),A21N (VT-IBY),0:57,10:20 AM,10:42 AM,11:45 AM,,Landed 11:39 AM,  , 
, ,19-Jul-25,Mumbai (BOM),Indore (IDR),A21N (VT-ILQ),0:59,10:20 AM,10:48 AM,11:45 AM,,Landed 11:47 AM,,
,,,,,,,,,,,,,
24,6E521,,,,,,,,,,,,
, ,25-Jul-25,Mumbai (BOM),Amritsar (ATQ),A20N (VT-ISM),1:52,10:25 AM,10:56 AM,12:40 PM,,Landed 12:48 PM,  , 
, ,22-Jul-25,Mumbai (BOM),Amritsar (ATQ),A20N (VT-IQA),1:56,10:25 AM,11:01 AM,12:40 PM,,Landed 12:57 PM,  , 
, ,20-Jul-25,Mumbai (BOM),Durgapur (RDP),A20N (VT-IPD),2:18,10:25 AM,10:27 AM,1:00 PM,,Landed 12:45 PM,,
,,,,,,,,,,,,,
25,AI633,,,,,,,,,,,,
, ,25-Jul-25,Mumbai (BOM),Bhopal (BHO),A20N (VT-RTJ),1:10,10:25 AM,12:14 PM,12:05 PM,,Landed 1:24 PM,  , 
, ,24-Jul-25,Mumbai (BOM),Bhopal (BHO),A20N (VT-EXU),1:08,10:25 AM,11:31 AM,12:05 PM,,Landed 12:39 PM,  , 
, ,23-Jul-25,Mumbai (BOM),Bhopal (BHO),A20N (VT-RTJ),1:14,10:25 AM,10:51 AM,12:05 PM,,Landed 12:04 PM,  , 
, ,22-Jul-25,Mumbai (BOM),Bhopal (BHO),A20N (VT-CIN),1:05,10:25 AM,10:53 AM,12:05 PM,,Landed 11:59 AM,  , 
, ,21-Jul-25,Mumbai (BOM),Bhopal (BHO),A321 (VT-PPM),1:19,10:25 AM,12:51 PM,12:05 PM,,Landed 2:11 PM,  , 
, ,20-Jul-25,Mumbai (BOM),Bhopal (BHO),A321 (VT-PPO),1:07,10:25 AM,10:44 AM,12:05 PM,,Landed 11:51 AM,  , 
, ,19-Jul-25,Mumbai (BOM),Bhopal (BHO),A321 (VT-PPM),1:05,10:25 AM,10:35 AM,12:05 PM,,Landed 11:40 AM,,
,,,,,,,,,,,,,
26,AI2994,,,,,,,,,,,,
, ,25-Jul-25,Mumbai (BOM),Delhi (DEL),A20N (VT-TQB),1:42,10:30 AM,10:59 AM,12:45 PM,,Landed 12:41 PM,  , 
, ,24-Jul-25,Mumbai (BOM),Delhi (DEL),A20N (VT-TQJ),1:47,10:30 AM,10:46 AM,12:45 PM,,Landed 12:33 PM,  , 
, ,23-Jul-25,Mumbai (BOM),Delhi (DEL),A20N (VT-TQE),1:47,10:30 AM,10:45 AM,12:45 PM,,Landed 12:32 PM,  , 
, ,22-Jul-25,Mumbai (BOM),Delhi (DEL),A20N (VT-TNZ),1:58,10:30 AM,11:07 AM,12:45 PM,,Landed 1:05 PM,  , 
, ,21-Jul-25,Mumbai (BOM),Delhi (DEL),A20N (VT-TNW),1:48,10:30 AM,12:49 PM,12:45 PM,,Landed 2:37 PM,  , 
, ,20-Jul-25,Mumbai (BOM),Delhi (DEL),A20N (VT-TNK),1:39,10:30 AM,10:47 AM,12:45 PM,,Landed 12:26 PM,  , 
, ,19-Jul-25,Mumbai (BOM),Delhi (DEL),A20N (VT-TQP),1:37,10:30 AM,10:45 AM,12:45 PM,,Landed 12:23 PM,,
,,,,,,,,,,,,,
27,6E535,,,,,,,,,,,,
, ,25-Jul-25,Mumbai (BOM),Darbhanga (DBR),A20N (VT-IJU),2:18,10:35 AM,11:11 AM,1:05 PM,,Landed 1:30 PM,  , 
, ,24-Jul-25,Mumbai (BOM),Deoghar (DGH),A20N (VT-IPD),2:10,10:45 AM,10:58 AM,1:10 PM,,Landed 1:08 PM,  , 
, ,23-Jul-25,Mumbai (BOM),Darbhanga (DBR),A20N (VT-IQO),—,10:35 AM,—,1:05 PM,,Estimated departure 11:11 AM,, 
, ,22-Jul-25,Mumbai (BOM),Deoghar (DGH),A20N (VT-IXI),2:14,10:45 AM,11:05 AM,1:10 PM,,Landed 1:19 PM,  , 
, ,21-Jul-25,Mumbai (BOM),Darbhanga (DBR),A320 (VT-IFN),2:21,10:35 AM,1:12 PM,1:05 PM,,Landed 3:33 PM,  , 
, ,20-Jul-25,Mumbai (BOM),Darbhanga (DBR),A20N (VT-IIH),2:20,10:35 AM,10:46 AM,1:05 PM,,Landed 1:06 PM,  , 
, ,19-Jul-25,Mumbai (BOM),Deoghar (DGH),A20N (VT-IJQ),2:09,10:45 AM,10:58 AM,1:10 PM,,Landed 1:08 PM,,
,,,,,,,,,,,,,
28,6E624,,,,,,,,,,,,
, ,25-Jul-25,Mumbai (BOM),Thiruvananthapuram (TRV),A21N (VT-ILZ),1:49,10:35 AM,11:51 AM,12:50 PM,,Landed 1:40 PM,  , 
, ,24-Jul-25,Mumbai (BOM),Thiruvananthapuram (TRV),A21N (VT-ILH),1:49,10:35 AM,11:07 AM,12:50 PM,,Landed 12:57 PM,  , 
, ,23-Jul-25,Mumbai (BOM),Thiruvananthapuram (TRV),A21N (VT-IRV),1:54,10:35 AM,11:00 AM,12:50 PM,,Landed 12:53 PM,  , 
, ,22-Jul-25,Mumbai (BOM),Thiruvananthapuram (TRV),A21N (VT-IMU),1:47,10:35 AM,11:26 AM,12:50 PM,,Landed 1:12 PM,  , 
, ,21-Jul-25,Mumbai (BOM),Thiruvananthapuram (TRV),A21N (VT-IML),1:50,10:35 AM,1:51 PM,12:50 PM,,Landed 3:42 PM,  , 
, ,20-Jul-25,Mumbai (BOM),Thiruvananthapuram (TRV),A21N (VT-IBJ),1:45,10:35 AM,11:00 AM,12:50 PM,,Landed 12:45 PM,  , 
, ,19-Jul-25,Mumbai (BOM),Thiruvananthapuram (TRV),A21N (VT-IRX),1:49,10:35 AM,11:18 AM,12:50 PM,,Landed 1:07 PM,,
,,,,,,,,,,,,,
29,6E6118,,,,,,,,,,,,
, ,25-Jul-25,Mumbai (BOM),Tiruchirapalli (TRZ),A21N (VT-ICZ),1:34,10:35 AM,11:18 AM,12:40 PM,,Landed 12:52 PM,  , 
, ,24-Jul-25,Mumbai (BOM),Tiruchirapalli (TRZ),A21N (VT-ILC),1:38,10:35 AM,10:50 AM,12:40 PM,,Landed 12:28 PM,  , 
, ,23-Jul-25,Mumbai (BOM),Tiruchirapalli (TRZ),A21N (VT-ILC),1:37,10:35 AM,10:54 AM,12:40 PM,,Landed 12:31 PM,  , 
, ,22-Jul-25,Mumbai (BOM),Tiruchirapalli (TRZ),A21N (VT-ILC),1:39,10:35 AM,11:04 AM,12:40 PM,,Landed 12:43 PM,  , 
, ,21-Jul-25,Mumbai (BOM),Tiruchirapalli (TRZ),A21N (VT-ICF),1:35,10:35 AM,2:01 PM,12:40 PM,,Landed 3:35 PM,  , 
, ,20-Jul-25,Mumbai (BOM),Tiruchirapalli (TRZ),A21N (VT-ICZ),1:37,10:35 AM,10:50 AM,12:40 PM,,Landed 12:27 PM,  , 
, ,19-Jul-25,Mumbai (BOM),Tiruchirapalli (TRZ),A21N (VT-ICZ),1:37,10:35 AM,11:07 AM,12:40 PM,,Landed 12:44 PM,,
,,,,,,,,,,,,,
30,6E6087,,,,,,,,,,,,
, ,25-Jul-25,Mumbai (BOM),Kannur (CNN),A20N (VT-IPZ),1:18,10:40 AM,11:27 AM,12:25 PM,,Landed 12:45 PM,  , 
, ,24-Jul-25,Mumbai (BOM),Kannur (CNN),A20N (VT-IVP),1:19,10:40 AM,10:53 AM,12:25 PM,,Landed 12:11 PM,  , 
, ,23-Jul-25,Mumbai (BOM),Kannur (CNN),A20N (VT-ITO),1:17,10:40 AM,11:15 AM,12:25 PM,,Landed 12:32 PM,  , 
, ,22-Jul-25,Mumbai (BOM),Kannur (CNN),A320 (VT-IAX),1:18,10:40 AM,11:14 AM,12:25 PM,,Landed 12:32 PM,  , 
, ,21-Jul-25,Mumbai (BOM),Kannur (CNN),A20N (VT-ISA),1:18,10:40 AM,12:50 PM,12:25 PM,,Landed 2:08 PM,  , 
, ,20-Jul-25,Mumbai (BOM),Kannur (CNN),A20N (VT-IIA),1:17,10:40 AM,11:05 AM,12:25 PM,,Landed 12:22 PM,  , 
, ,19-Jul-25,Mumbai (BOM),Kannur (CNN),A20N (VT-IPR),1:17,10:40 AM,11:17 AM,12:25 PM,,Landed 12:34 PM,,
,,,,,,,,,,,,,
31,6E5321,,,,,,,,,,,,
, ,25-Jul-25,Mumbai (BOM),Rajkot (HSR),A21N (VT-IME),—,10:45 AM,11:21 AM,11:55 AM,,Unknown,  , 
, ,24-Jul-25,Mumbai (BOM),Rajkot (HSR),A21N (VT-ICL),0:40,10:45 AM,10:55 AM,11:55 AM,,Landed 11:35 AM,  , 
, ,23-Jul-25,Mumbai (BOM),Rajkot (HSR),A21N (VT-ICZ),0:42,10:45 AM,11:04 AM,11:55 AM,,Landed 11:45 AM,  , 
, ,22-Jul-25,Mumbai (BOM),Rajkot (HSR),A21N (VT-IRW),0:44,10:45 AM,11:11 AM,11:55 AM,,Landed 11:55 AM,  , 
, ,21-Jul-25,Mumbai (BOM),Rajkot (HSR),A21N (VT-IRZ),0:46,10:45 AM,12:58 PM,11:55 AM,,Landed 1:44 PM,  , 
, ,20-Jul-25,Mumbai (BOM),Rajkot (HSR),A21N (VT-IMI),0:47,10:45 AM,10:53 AM,11:55 AM,,Landed 11:40 AM,  , 
, ,19-Jul-25,Mumbai (BOM),Rajkot (HSR),A21N (VT-IBO),0:46,10:45 AM,10:51 AM,11:55 AM,,Landed 11:37 AM,,
,,,,,,,,,,,,,
32,QP1529,,,,,,,,,,,,
, ,25-Jul-25,Mumbai (BOM),Darbhanga (DBR),B38M (VT-YAA),2:21,10:50 AM,1:34 PM,1:30 PM,,Landed 3:55 PM,  , 
, ,24-Jul-25,Mumbai (BOM),Darbhanga (DBR),B38M (VT-YAG),2:15,10:50 AM,11:10 AM,1:30 PM,,Landed 1:25 PM,  , 
, ,23-Jul-25,Mumbai (BOM),Darbhanga (DBR),B38M (VT-YAC),2:32,10:50 AM,11:03 AM,1:30 PM,,Landed 1:35 PM,  , 
, ,22-Jul-25,Mumbai (BOM),Darbhanga (DBR),B38M (VT-YAS),2:31,10:50 AM,11:22 AM,1:30 PM,,Landed 1:52 PM,  , 
, ,21-Jul-25,Mumbai (BOM),Darbhanga (DBR),B38M (VT-YAA),2:23,10:50 AM,1:22 PM,1:30 PM,,Landed 3:44 PM,  , 
, ,20-Jul-25,Mumbai (BOM),Darbhanga (DBR),B38M (VT-YAH),2:17,10:55 AM,11:03 AM,1:30 PM,,Landed 1:20 PM,  , 
, ,19-Jul-25,Mumbai (BOM),Darbhanga (DBR),B38M (VT-YAL),2:19,10:55 AM,10:56 AM,1:30 PM,,Landed 1:15 PM,,
,,,,,,,,,,,,,
33,AI673,,,,,,,,,,,,
, ,25-Jul-25,Mumbai (BOM),Patna (PAT),A20N (VT-TQU),2:12,10:50 AM,11:32 AM,1:20 PM,,Landed 1:44 PM,  , 
, ,24-Jul-25,Mumbai (BOM),Patna (PAT),A20N (VT-CIO),2:08,10:50 AM,11:05 AM,1:20 PM,,Landed 1:12 PM,  , 
, ,23-Jul-25,Mumbai (BOM),Patna (PAT),A20N (VT-CIO),2:10,10:50 AM,11:14 AM,1:20 PM,,Landed 1:24 PM,  , 
, ,22-Jul-25,Mumbai (BOM),Patna (PAT),A20N (VT-CIO),2:09,10:50 AM,11:19 AM,1:20 PM,,Landed 1:28 PM,  , 
, ,21-Jul-25,Mumbai (BOM),Patna (PAT),A20N (VT-CIN),2:05,10:50 AM,12:26 PM,1:20 PM,,Landed 2:31 PM,  , 
, ,20-Jul-25,Mumbai (BOM),Patna (PAT),A20N (VT-CIN),2:08,10:50 AM,11:12 AM,1:20 PM,,Landed 1:21 PM,  , 
, ,19-Jul-25,Mumbai (BOM),Patna (PAT),A20N (VT-CIN),2:08,10:50 AM,11:26 AM,1:20 PM,,Landed 1:35 PM, ,
,,,,,,,,,,,,,
34,VS355,,,,,,,,,,,,
, ,24-Jul-25,Mumbai (BOM),London (LHR),B789 (G-VDIA),8:42,10:55 AM,11:16 AM,4:15 PM,,Landed 3:28 PM,  , 
, ,23-Jul-25,Mumbai (BOM),London (LHR),B789 (G-VBZZ),8:44,10:55 AM,11:09 AM,4:15 PM,,Landed 3:23 PM,  , 
, ,22-Jul-25,Mumbai (BOM),London (LHR),B789 (G-VBEL),8:45,10:55 AM,11:30 AM,4:15 PM,,Landed 3:45 PM,  , 
, ,21-Jul-25,Mumbai (BOM),London (LHR),B789 (G-VMAP),8:41,10:55 AM,1:45 PM,4:15 PM,,Landed 5:56 PM,  , 
, ,20-Jul-25,Mumbai (BOM),London (LHR),B789 (G-VZIG),9:03,10:55 AM,11:10 AM,4:15 PM,,Landed 3:44 PM,  , 
, ,19-Jul-25,Mumbai (BOM),London (LHR),B789 (G-VOOH),8:53,10:55 AM,11:01 AM,4:15 PM,,Landed 3:25 PM,  , 
, ,18-Jul-25,Mumbai (BOM),London (LHR),B789 (G-VBEL),8:52,10:55 AM,11:18 AM,4:15 PM,,Landed 3:40 PM,,
,,,,,,,,,,,,,
35,6E673,,,,,,,,,,,,
, ,25-Jul-25,Mumbai (BOM),Cochin (COK),A21N (VT-IMD),1:38,10:55 AM,12:12 PM,12:50 PM,,Landed 1:50 PM,  , 
, ,24-Jul-25,Mumbai (BOM),Cochin (COK),A21N (VT-IBU),1:31,10:55 AM,11:27 AM,12:50 PM,,Landed 12:59 PM,  , 
, ,23-Jul-25,Mumbai (BOM),Cochin (COK),A21N (VT-IUO),1:41,10:55 AM,12:09 PM,12:50 PM,,Landed 1:50 PM,  , 
, ,22-Jul-25,Mumbai (BOM),Cochin (COK),A21N (VT-IML),1:30,10:55 AM,11:37 AM,12:45 PM,,Landed 1:08 PM,  , 
, ,21-Jul-25,Mumbai (BOM),Cochin (COK),A21N (VT-IWR),1:30,10:55 AM,1:36 PM,12:50 PM,,Landed 3:07 PM,  , 
, ,20-Jul-25,Mumbai (BOM),Cochin (COK),A21N (VT-ICO),1:36,10:55 AM,11:24 AM,12:50 PM,,Landed 1:00 PM,  , 
, ,19-Jul-25,Mumbai (BOM),Cochin (COK),A21N (VT-ICL),1:30,10:55 AM,11:37 AM,12:50 PM,,Landed 1:07 PM,,
,,,,,,,,,,,,,
36,AI611,,,,,,,,,,,,
, ,25-Jul-25,Mumbai (BOM),Jaipur (JAI),A20N (VT-CIQ),1:27,11:00 AM,11:34 AM,12:55 PM,,Landed 1:01 PM,  , 
, ,24-Jul-25,Mumbai (BOM),Jaipur (JAI),A20N (VT-EXL),1:23,11:00 AM,11:32 AM,12:55 PM,,Landed 12:55 PM,  , 
, ,23-Jul-25,Mumbai (BOM),Jaipur (JAI),A20N (VT-CIN),1:23,11:00 AM,11:18 AM,12:55 PM,,Landed 12:41 PM,  , 
, ,22-Jul-25,Mumbai (BOM),Jaipur (JAI),A20N (VT-EXM),1:28,11:00 AM,11:21 AM,12:55 PM,,Landed 12:49 PM,  , 
, ,21-Jul-25,Mumbai (BOM),Jaipur (JAI),A20N (VT-TQK),1:26,11:00 AM,1:02 PM,12:55 PM,,Landed 2:28 PM,  , 
, ,20-Jul-25,Mumbai (BOM),Jaipur (JAI),A20N (VT-EXO),1:23,11:00 AM,11:23 AM,12:55 PM,,Landed 12:46 PM,  , 
, ,19-Jul-25,Mumbai (BOM),Jaipur (JAI),A20N (VT-EXH),1:22,11:00 AM,11:34 AM,12:55 PM,,Landed 12:57 PM,,
,,,,,,,,,,,,,
37,AI647,,,,,,,,,,,,
, ,25-Jul-25,Mumbai (BOM),Jamnagar (JGA),A20N (VT-TYC),0:49,11:00 AM,12:17 PM,12:25 PM,,Landed 1:06 PM,  , 
, ,24-Jul-25,Mumbai (BOM),Jamnagar (JGA),A21N (VT-TVH),0:52,11:00 AM,11:24 AM,12:25 PM,,Landed 12:16 PM,  , 
, ,23-Jul-25,Mumbai (BOM),Jamnagar (JGA),A321 (VT-PPM),0:56,11:00 AM,11:56 AM,12:25 PM,,Landed 12:52 PM,  , 
, ,22-Jul-25,Mumbai (BOM),Jamnagar (JGA),A321 (VT-PPO),0:49,11:00 AM,11:23 AM,12:25 PM,,Landed 12:12 PM,  , 
, ,21-Jul-25,Mumbai (BOM),Jamnagar (JGA),A20N (VT-CIG),0:50,11:00 AM,1:34 PM,12:25 PM,,Landed 2:24 PM,  , 
, ,20-Jul-25,Mumbai (BOM),Jamnagar (JGA),A20N (VT-EXL),0:53,11:00 AM,11:34 AM,12:25 PM,,Landed 12:26 PM,  , 
, ,19-Jul-25,Mumbai (BOM),Jamnagar (JGA),A20N (VT-RTK),0:49,11:00 AM,11:45 AM,12:25 PM,,Landed 12:34 PM,,
,,,,,,,,,,,,,
38,AI2444,,,,,,,,,,,,
, ,25-Jul-25,Mumbai (BOM),Hyderabad (HYD),A20N (VT-TQC),1:15,11:00 AM,12:00 PM,12:30 PM,,Landed 1:15 PM,  , 
, ,24-Jul-25,Mumbai (BOM),Hyderabad (HYD),A20N (VT-TNV),1:08,11:00 AM,11:19 AM,12:30 PM,,Landed 12:26 PM,  , 
, ,23-Jul-25,Mumbai (BOM),Hyderabad (HYD),A20N (VT-TQC),1:09,11:00 AM,11:30 AM,12:30 PM,,Landed 12:39 PM,  , 
, ,22-Jul-25,Mumbai (BOM),Hyderabad (HYD),A20N (VT-TQS),1:07,11:00 AM,11:33 AM,12:30 PM,,Landed 12:41 PM,  , 
, ,21-Jul-25,Mumbai (BOM),Hyderabad (HYD),A20N (VT-TQW),1:08,11:00 AM,1:05 PM,12:30 PM,,Landed 2:13 PM,  , 
, ,20-Jul-25,Mumbai (BOM),Hyderabad (HYD),A20N (VT-TQE),1:05,11:00 AM,11:15 AM,12:30 PM,,Landed 12:19 PM,  , 
, ,19-Jul-25,Mumbai (BOM),Hyderabad (HYD),A20N (VT-TQE),1:05,11:00 AM,11:31 AM,12:30 PM,,Landed 12:36 PM,,
,,,,,,,,,,,,,
39,QP1385,,,,,,,,,,,,
, ,25-Jul-25,Mumbai (BOM),Siliguri (IXB),B38M (VT-YAC),2:38,11:00 AM,11:46 AM,2:05 PM,,Landed 2:24 PM,  , 
, ,24-Jul-25,Mumbai (BOM),Siliguri (IXB),B38M (VT-YAB),2:32,11:00 AM,11:15 AM,2:05 PM,,Landed 1:47 PM,  , 
, ,23-Jul-25,Mumbai (BOM),Siliguri (IXB),B38M (VT-YAP),2:47,11:00 AM,11:34 AM,2:05 PM,,Landed 2:21 PM,  , 
, ,22-Jul-25,Mumbai (BOM),Siliguri (IXB),B38M (VT-YBC),2:30,11:00 AM,12:06 PM,2:05 PM,,Landed 2:36 PM,  , 
, ,21-Jul-25,Mumbai (BOM),Siliguri (IXB),B38M (VT-YAU),2:34,11:00 AM,1:30 PM,2:05 PM,,Landed 4:04 PM,  , 
, ,20-Jul-25,Mumbai (BOM),Siliguri (IXB),B38M (VT-YAB),2:33,11:00 AM,11:14 AM,2:05 PM,,Landed 1:47 PM,  , 
, ,19-Jul-25,Mumbai (BOM),Siliguri (IXB),B38M (VT-YAK),2:30,11:00 AM,11:40 AM,2:05 PM,,Landed 2:11 PM,,
,,,,,,,,,,,,,
40,ET641,,,,,,,,,,,,
, ,25-Jul-25,Mumbai (BOM),Addis Ababa (ADD),B77L (ET-ANQ),4:18,11:05 AM,11:40 AM,2:00 PM,,Landed 1:28 PM,  , 
, ,24-Jul-25,Mumbai (BOM),Addis Ababa (ADD),B77L (ET-ANO),4:17,11:05 AM,11:13 AM,2:00 PM,,Landed 1:00 PM,  , 
, ,23-Jul-25,Mumbai (BOM),Addis Ababa (ADD),B788 (ET-ATG),4:23,11:05 AM,11:06 AM,2:00 PM,,Landed 1:00 PM,  , 
, ,22-Jul-25,Mumbai (BOM),Addis Ababa (ADD),B77L (ET-ANQ),4:22,11:05 AM,11:17 AM,2:00 PM,,Landed 1:09 PM,  , 
, ,21-Jul-25,Mumbai (BOM),Addis Ababa (ADD),A359 (ET-AUA),4:37,11:05 AM,1:38 PM,2:00 PM,,Landed 3:46 PM,  , 
, ,20-Jul-25,Mumbai (BOM),Addis Ababa (ADD),B77L (ET-ANP),4:16,11:05 AM,11:18 AM,2:00 PM,,Landed 1:04 PM,  , 
, ,19-Jul-25,Mumbai (BOM),Addis Ababa (ADD),B788 (ET-ATG),4:19,11:05 AM,11:22 AM,2:00 PM,,Landed 1:10 PM,,
,,,,,,,,,,,,,
41,SV771,,,,,,,,,,,,
, ,25-Jul-25,Mumbai (BOM),Jeddah (JED),B77W (HZ-AK21),4:04,11:05 AM,11:43 AM,1:25 PM,,Landed 1:17 PM,  , 
, ,23-Jul-25,Mumbai (BOM),Jeddah (JED),B77W (HZ-AK22),3:58,11:05 AM,11:20 AM,1:25 PM,,Landed 12:47 PM,  , 
, ,21-Jul-25,Mumbai (BOM),Jeddah (JED),B77W (HZ-AK19),3:55,11:05 AM,1:07 PM,1:25 PM,,Landed 2:33 PM,  , 
, ,20-Jul-25,Mumbai (BOM),Jeddah (JED),B77W (HZ-AK29),4:07,11:05 AM,11:28 AM,1:25 PM,,Landed 1:05 PM,,
,,,,,,,,,,,,,
42,6E1157,,,,,,,,,,,,
, ,25-Jul-25,Mumbai (BOM),Kathmandu (KTM),A20N (VT-IPI),2:30,11:05 AM,11:29 AM,2:05 PM,,Landed 2:14 PM,  , 
, ,24-Jul-25,Mumbai (BOM),Kathmandu (KTM),A20N (VT-IPT),2:44,11:05 AM,11:25 AM,2:05 PM,,Landed 2:24 PM,  , 
, ,23-Jul-25,Mumbai (BOM),Kathmandu (KTM),A20N (VT-IXH),3:01,11:05 AM,11:33 AM,2:05 PM,,Landed 2:49 PM,  , 
, ,22-Jul-25,Mumbai (BOM),Kathmandu (KTM),A20N (VT-IXP),2:15,11:05 AM,11:44 AM,2:05 PM,,Landed 2:14 PM,  , 
, ,21-Jul-25,Mumbai (BOM),Kathmandu (KTM),A20N (VT-IXF),2:19,11:05 AM,1:27 PM,2:05 PM,,Landed 4:01 PM,  , 
, ,20-Jul-25,Mumbai (BOM),Kathmandu (KTM),A20N (VT-IJQ),2:10,11:05 AM,11:33 AM,2:05 PM,,Landed 1:58 PM,  , 
, ,19-Jul-25,Mumbai (BOM),Kathmandu (KTM),A20N (VT-IPD),2:18,11:05 AM,11:39 AM,2:05 PM,,Landed 2:12 PM,,
,,,,,,,,,,,,,
43,EY201,,,,,,,,,,,,
, ,25-Jul-25,Mumbai (BOM),Abu Dhabi (AUH),A320 (A6-EIW),2:37,11:10 AM,11:15 AM,1:00 PM,,Landed 12:22 PM,  , 
, ,24-Jul-25,Mumbai (BOM),Abu Dhabi (AUH),A320 (A6-EIM),2:28,11:10 AM,11:01 AM,1:00 PM,,Landed 11:58 AM,  , 
, ,23-Jul-25,Mumbai (BOM),Abu Dhabi (AUH),A320 (A6-EIX),2:28,11:10 AM,11:25 AM,1:00 PM,,Landed 12:23 PM,  , 
, ,22-Jul-25,Mumbai (BOM),Abu Dhabi (AUH),A320 (A6-EIT),2:26,11:10 AM,11:27 AM,1:00 PM,,Landed 12:24 PM,  , 
, ,21-Jul-25,Mumbai (BOM),Abu Dhabi (AUH),A320 (A6-EIP),2:23,11:10 AM,1:13 PM,1:00 PM,,Landed 2:06 PM,  , 
, ,20-Jul-25,Mumbai (BOM),Abu Dhabi (AUH),A320 (A6-EIV),2:40,11:10 AM,11:38 AM,1:00 PM,,Landed 12:48 PM,  , 
, ,19-Jul-25,Mumbai (BOM),Abu Dhabi (AUH),A321 (A6-AEC),2:34,11:10 AM,11:43 AM,1:00 PM,,Landed 12:47 PM,,
,,,,,,,,,,,,,
44,6E5307,,,,,,,,,,,,
, ,25-Jul-25,Mumbai (BOM),Goa (GOI),A21N (VT-IMM),1:00,11:10 AM,11:56 AM,12:35 PM,,Landed 12:56 PM,  , 
, ,24-Jul-25,Mumbai (BOM),Goa (GOI),A21N (VT-IMM),0:53,11:10 AM,11:26 AM,12:35 PM,,Landed 12:20 PM,  , 
, ,23-Jul-25,Mumbai (BOM),Goa (GOI),A21N (VT-IMM),0:48,11:10 AM,11:49 AM,12:35 PM,,Landed 12:37 PM,  , 
, ,22-Jul-25,Mumbai (BOM),Goa (GOI),A21N (VT-IMM),1:00,11:10 AM,11:41 AM,12:35 PM,,Landed 12:41 PM,  , 
, ,21-Jul-25,Mumbai (BOM),Goa (GOI),A21N (VT-IRV),0:53,11:10 AM,1:10 PM,12:35 PM,,Landed 2:04 PM,  , 
, ,20-Jul-25,Mumbai (BOM),Goa (GOI),A21N (VT-IRV),0:47,11:10 AM,11:31 AM,12:35 PM,,Landed 12:18 PM,  , 
, ,19-Jul-25,Mumbai (BOM),Goa (GOI),A21N (VT-IMI),0:46,11:10 AM,11:47 AM,12:35 PM,,Landed 12:34 PM,,
,,,,,,,,,,,,,
45,6E5316,,,,,,,,,,,,
, ,25-Jul-25,Mumbai (BOM),Bareilly (BEK),A20N (VT-IQO),1:55,11:10 AM,11:53 AM,1:40 PM,,Landed 1:48 PM,  , 
, ,24-Jul-25,Mumbai (BOM),Agra (AGR),A20N (VT-IIH),1:37,11:10 AM,11:20 AM,1:20 PM,,Landed 12:57 PM,  , 
, ,23-Jul-25,Mumbai (BOM),Bareilly (BEK),A20N (VT-IQF),1:58,11:10 AM,11:37 AM,1:40 PM,,Landed 1:36 PM,  , 
, ,22-Jul-25,Mumbai (BOM),Agra (AGR),A20N (VT-IIW),1:54,11:10 AM,11:35 AM,1:20 PM,,Landed 1:29 PM,  , 
, ,21-Jul-25,Mumbai (BOM),Bareilly (BEK),A20N (VT-IPD),2:00,11:10 AM,1:41 PM,1:40 PM,,Landed 3:41 PM,  , 
, ,20-Jul-25,Mumbai (BOM),Bareilly (BEK),A20N (VT-IIX),1:54,11:10 AM,11:21 AM,1:40 PM,,Landed 1:14 PM,  , 
, ,19-Jul-25,Mumbai (BOM),Agra (AGR),A20N (VT-ITV),1:28,11:10 AM,11:50 AM,1:20 PM,,Landed 1:17 PM,,
,,,,,,,,,,,,,
46,6E6827,,,,,,,,,,,,
, ,25-Jul-25,Mumbai (BOM),Delhi (DEL),A21N (VT-IWT),1:42,11:15 AM,11:57 AM,1:30 PM,,Landed 1:39 PM,  , 
, ,24-Jul-25,Mumbai (BOM),Delhi (DEL),A21N (VT-ICM),1:43,11:15 AM,11:23 AM,1:30 PM,,Landed 1:06 PM,  , 
, ,23-Jul-25,Mumbai (BOM),Delhi (DEL),A21N (VT-ICH),1:46,11:15 AM,11:40 AM,1:30 PM,,Landed 1:26 PM,  , 
, ,22-Jul-25,Mumbai (BOM),Delhi (DEL),A21N (VT-NCM),1:43,11:15 AM,11:39 AM,1:30 PM,,Landed 1:22 PM,  , 
, ,21-Jul-25,Mumbai (BOM),Delhi (DEL),A21N (VT-IWV),1:41,11:15 AM,1:49 PM,1:30 PM,,Landed 3:30 PM,  , 
, ,20-Jul-25,Mumbai (BOM),Delhi (DEL),A21N (VT-ICF),1:43,11:15 AM,11:30 AM,1:30 PM,,Landed 1:13 PM,  , 
, ,19-Jul-25,Mumbai (BOM),Delhi (DEL),A21N (VT-NCR),1:38,11:15 AM,11:52 AM,1:30 PM,,Landed 1:30 PM,,
,,,,,,,,,,,,,
47,9I623,,,,,,,,,,,,
, ,25-Jul-25,Mumbai (BOM),Diu (DIU),AT76 (VT-RKL),0:44,11:15 AM,1:31 PM,12:20 PM,,Landed 2:15 PM,  , 
, ,24-Jul-25,Mumbai (BOM),Diu (DIU),AT7,—,1:50 PM,—,2:55 PM,,Estimated departure 1:50 PM,, 
, ,23-Jul-25,Mumbai (BOM),Diu (DIU),AT76 (VT-RKL),0:43,11:15 AM,1:14 PM,12:20 PM,,Landed 1:57 PM,  , 
, ,22-Jul-25,Mumbai (BOM),Diu (DIU),AT7,—,1:50 PM,—,2:55 PM,,Estimated departure 1:50 PM,, 
, ,21-Jul-25,Mumbai (BOM),Diu (DIU),AT76 (VT-AIY),0:43,11:15 AM,2:08 PM,12:20 PM,,Landed 2:51 PM,  , 
, ,20-Jul-25,Mumbai (BOM),Diu (DIU),AT7,—,11:15 AM,—,12:20 PM,,Estimated departure 11:15 AM,, 
, ,19-Jul-25,Mumbai (BOM),Diu (DIU),AT7,—,1:50 PM,—,2:55 PM,,Estimated departure 1:50 PM,, 
, ,18-Jul-25,Mumbai (BOM),Diu (DIU),AT76 (VT-AIY),0:44,11:15 AM,4:10 PM,12:20 PM,,Landed 4:54 PM,,
,,,,,,,,,,,,,
48,AI2632,,,,,,,,,,,,
, ,25-Jul-25,Mumbai (BOM),Bengaluru (BLR),A20N (VT-TQW),1:24,11:20 AM,11:48 AM,1:05 PM,,Landed 1:12 PM,  , 
, ,24-Jul-25,Mumbai (BOM),Bengaluru (BLR),A20N (VT-TQH),1:22,11:20 AM,11:30 AM,1:05 PM,,Landed 12:52 PM,  , 
, ,23-Jul-25,Mumbai (BOM),Bengaluru (BLR),A20N (VT-EXV),1:21,11:20 AM,11:58 AM,1:05 PM,,Landed 1:19 PM,  , 
, ,22-Jul-25,Mumbai (BOM),Bengaluru (BLR),A20N (VT-TQF),1:23,11:20 AM,12:00 PM,1:05 PM,,Landed 1:23 PM,  , 
, ,21-Jul-25,Mumbai (BOM),Bengaluru (BLR),A20N (VT-TNU),1:20,11:20 AM,2:33 PM,1:05 PM,,Landed 3:53 PM,  , 
, ,20-Jul-25,Mumbai (BOM),Bengaluru (BLR),A20N (VT-TNU),1:21,11:20 AM,11:41 AM,1:05 PM,,Landed 1:02 PM,  , 
, ,19-Jul-25,Mumbai (BOM),Bengaluru (BLR),A20N (VT-TQB),1:22,11:20 AM,11:51 AM,1:05 PM,,Landed 1:12 PM,,
,,,,,,,,,,,,,
49,SG2905,,,,,,,,,,,,
, ,25-Jul-25,Mumbai (BOM),Kandla (IXY),DH8D (VT-SUO),—,11:30 AM,12:15 PM,1:00 PM,,Unknown,  , 
, ,24-Jul-25,Mumbai (BOM),Porbandar (PBD),DH8D (VT-SUO),—,11:30 AM,—,1:00 PM,,Canceled,, 
, ,23-Jul-25,Mumbai (BOM),Kandla (IXY),DH8D (VT-SUO),1:53,11:30 AM,11:20 AM,1:00 PM,,Landed 1:13 PM,  , 
, ,21-Jul-25,Mumbai (BOM),Kandla (IXY),DH8D (VT-SQD),1:06,11:30 AM,2:08 PM,1:00 PM,,Landed 3:13 PM,  , 
, ,20-Jul-25,Mumbai (BOM),Kandla (IXY),DH8D (VT-SQD),1:09,11:30 AM,11:39 AM,1:00 PM,,Landed 12:48 PM,  , 
, ,19-Jul-25,Mumbai (BOM),Kandla (IXY),DH8D (VT-SQD),1:05,11:30 AM,1:18 PM,1:00 PM,,Landed 2:22 PM,,
,,,,,,,,,,,,,
50,AI2841,,,,,,,,,,,,
, ,25-Jul-25,Mumbai (BOM),Goa (GOI),A21N (VT-TVI),0:54,11:30 AM,12:24 PM,12:45 PM,,Landed 1:18 PM,  , 
, ,24-Jul-25,Mumbai (BOM),Goa (GOI),A21N (VT-TVI),0:57,11:30 AM,11:43 AM,12:45 PM,,Landed 12:40 PM,  , 
, ,23-Jul-25,Mumbai (BOM),Goa (GOI),A21N (VT-TVI),0:48,11:30 AM,12:12 PM,12:45 PM,,Landed 1:00 PM,  , 
, ,22-Jul-25,Mumbai (BOM),Goa (GOI),A21N (VT-TVH),0:58,11:30 AM,12:01 PM,12:45 PM,,Landed 12:59 PM,  , 
, ,21-Jul-25,Mumbai (BOM),Goa (GOI),A21N (VT-TVI),0:50,11:30 AM,1:24 PM,12:45 PM,,Landed 2:14 PM,  , 
, ,20-Jul-25,Mumbai (BOM),Goa (GOI),A21N (VT-TVI),0:46,11:30 AM,11:57 AM,12:45 PM,,Landed 12:43 PM,  , 
, ,19-Jul-25,Mumbai (BOM),Goa (GOI),A21N (VT-TVI),0:55,11:30 AM,12:01 PM,12:45 PM,,Landed 12:56 PM,,
,,,,,,,,,,,,,
51,6E5217,,,,,,,,,,,,
, ,25-Jul-25,Mumbai (BOM),Bengaluru (BLR),A21N (VT-IWU),1:17,11:30 AM,12:13 PM,1:20 PM,,Landed 1:30 PM,  , 
, ,24-Jul-25,Mumbai (BOM),Bengaluru (BLR),A21N (VT-IWS),1:21,11:30 AM,11:29 AM,1:20 PM,,Landed 12:50 PM,  , 
, ,23-Jul-25,Mumbai (BOM),Bengaluru (BLR),A21N (VT-IWT),1:16,11:30 AM,12:06 PM,1:20 PM,,Landed 1:22 PM,  , 
, ,22-Jul-25,Mumbai (BOM),Bengaluru (BLR),A21N (VT-IWU),1:22,11:30 AM,12:04 PM,1:20 PM,,Landed 1:25 PM,  , 
, ,21-Jul-25,Mumbai (BOM),Bengaluru (BLR),A21N (VT-NCQ),1:18,11:30 AM,2:01 PM,1:20 PM,,Landed 3:20 PM,  , 
, ,20-Jul-25,Mumbai (BOM),Bengaluru (BLR),A21N (VT-NCH),1:20,11:30 AM,11:35 AM,1:20 PM,,Landed 12:55 PM,  , 
, ,19-Jul-25,Mumbai (BOM),Bengaluru (BLR),A21N (VT-NCB),1:22,11:30 AM,11:55 AM,1:20 PM,,Landed 1:17 PM,,
,,,,,,,,,,,,,
52,AI2419,,,,,,,,,,,,
, ,25-Jul-25,Mumbai (BOM),Delhi (DEL),A20N (VT-TQP),1:45,11:40 AM,12:20 PM,2:00 PM,,Landed 2:05 PM,  , 
, ,24-Jul-25,Mumbai (BOM),Delhi (DEL),A20N (VT-TQE),1:47,11:40 AM,11:49 AM,2:00 PM,,Landed 1:35 PM,  , 
, ,23-Jul-25,Mumbai (BOM),Delhi (DEL),A20N (VT-TNS),1:46,11:40 AM,12:16 PM,2:00 PM,,Landed 2:02 PM,  , 
, ,22-Jul-25,Mumbai (BOM),Delhi (DEL),A20N (VT-TQC),1:49,11:40 AM,12:11 PM,2:00 PM,,Landed 2:00 PM,  , 
, ,21-Jul-25,Mumbai (BOM),Delhi (DEL),A20N (VT-TQT),1:41,11:40 AM,1:16 PM,2:00 PM,,Landed 2:57 PM,  , 
, ,20-Jul-25,Mumbai (BOM),Delhi (DEL),A20N (VT-EXU),1:42,11:40 AM,11:56 AM,2:00 PM,,Landed 1:38 PM,  , 
, ,19-Jul-25,Mumbai (BOM),Delhi (DEL),A20N (VT-TNS),1:42,11:40 AM,11:59 AM,2:00 PM,,Landed 1:41 PM,,
,,,,,,,,,,,,,
53,AI2471,,,,,,,,,,,,
, ,25-Jul-25,Mumbai (BOM),Kolkata (CCU),A20N (VT-TQH),2:27,11:40 AM,12:09 PM,2:30 PM,,Landed 2:36 PM,  , 
, ,24-Jul-25,Mumbai (BOM),Kolkata (CCU),A20N (VT-ATV),2:23,11:40 AM,12:00 PM,2:30 PM,,Landed 2:23 PM,  , 
, ,23-Jul-25,Mumbai (BOM),Kolkata (CCU),A20N (VT-TQL),2:31,11:40 AM,12:21 PM,2:30 PM,,Landed 2:53 PM,  , 
, ,22-Jul-25,Mumbai (BOM),Kolkata (CCU),A20N (VT-TQE),2:32,11:40 AM,12:10 PM,2:30 PM,,Landed 2:42 PM,  , 
, ,21-Jul-25,Mumbai (BOM),Kolkata (CCU),A20N (VT-TQC),2:28,11:40 AM,1:11 PM,2:30 PM,,Landed 3:39 PM,  , 
, ,20-Jul-25,Mumbai (BOM),Kolkata (CCU),A20N (VT-TQB),2:29,11:40 AM,11:46 AM,2:30 PM,,Landed 2:15 PM,  , 
, ,19-Jul-25,Mumbai (BOM),Kolkata (CCU),A20N (VT-TNF),2:26,11:40 AM,12:06 PM,2:30 PM,,Landed 2:33 PM,,
,,,,,,,,,,,,,
54,SQ421,,,,,,,,,,,,
, ,25-Jul-25,Mumbai (BOM),Singapore (SIN),B78X (9V-SCB),—,11:45 AM,1:03 PM,7:50 PM,,Delayed 8:22 PM,  , 
, ,24-Jul-25,Mumbai (BOM),Singapore (SIN),B78X (9V-SCG),4:54,11:45 AM,11:52 AM,7:50 PM,,Landed 7:16 PM,  , 
, ,23-Jul-25,Mumbai (BOM),Singapore (SIN),B78X (9V-SCC),4:52,11:45 AM,12:14 PM,7:50 PM,,Landed 7:36 PM,  , 
, ,22-Jul-25,Mumbai (BOM),Singapore (SIN),B78X (9V-SCP),5:00,11:45 AM,12:14 PM,7:50 PM,,Landed 7:44 PM,  , 
, ,21-Jul-25,Mumbai (BOM),Singapore (SIN),B78X (9V-SCN),5:03,11:45 AM,1:43 PM,7:50 PM,,Landed 9:15 PM,  , 
, ,20-Jul-25,Mumbai (BOM),Singapore (SIN),B78X (9V-SCO),4:42,11:45 AM,11:59 AM,7:50 PM,,Landed 7:11 PM,  , 
, ,19-Jul-25,Mumbai (BOM),Singapore (SIN),B78X (9V-SCS),5:15,11:45 AM,12:12 PM,7:50 PM,,Landed 7:57 PM,  , 
, ,18-Jul-25,Mumbai (BOM),Singapore (SIN),B78X (9V-SCL),4:53,11:45 AM,11:57 AM,7:50 PM,,Landed 7:20 PM,,
,,,,,,,,,,,,,
55,6E5206,,,,,,,,,,,,
, ,25-Jul-25,Mumbai (BOM),Chennai (MAA),A21N (VT-ICQ),1:29,11:50 AM,12:04 PM,2:05 PM,,Landed 1:33 PM,  , 
, ,24-Jul-25,Mumbai (BOM),Chennai (MAA),A21N (VT-IMB),1:33,11:50 AM,12:41 PM,2:05 PM,,Landed 2:13 PM,  , 
, ,23-Jul-25,Mumbai (BOM),Chennai (MAA),A21N (VT-ILD),1:36,11:50 AM,12:19 PM,2:05 PM,,Landed 1:55 PM,  , 
, ,22-Jul-25,Mumbai (BOM),Chennai (MAA),A21N (VT-IRY),1:33,11:50 AM,12:18 PM,1:50 PM,,Landed 1:51 PM,  , 
, ,21-Jul-25,Mumbai (BOM),Chennai (MAA),A21N (VT-IBY),1:35,11:50 AM,1:33 PM,2:05 PM,,Landed 3:09 PM,  , 
, ,20-Jul-25,Mumbai (BOM),Chennai (MAA),A21N (VT-ILH),1:38,11:50 AM,12:25 PM,2:05 PM,,Landed 2:03 PM,  , 
, ,19-Jul-25,Mumbai (BOM),Chennai (MAA),A21N (VT-IML),1:38,11:50 AM,12:04 PM,1:50 PM,,Landed 1:42 PM,,
,,,,,,,,,,,,,
56,6E5097,,,,,,,,,,,,
, ,25-Jul-25,Mumbai (BOM),Hyderabad (HYD),A21N (VT-ICW),1:06,11:55 AM,12:50 PM,1:35 PM,,Landed 1:56 PM,  , 
, ,24-Jul-25,Mumbai (BOM),Hyderabad (HYD),A21N (VT-ILO),1:08,11:55 AM,12:18 PM,1:35 PM,,Landed 1:26 PM,  , 
, ,23-Jul-25,Mumbai (BOM),Hyderabad (HYD),A21N (VT-IML),1:11,11:55 AM,12:34 PM,1:35 PM,,Landed 1:46 PM,  , 
, ,22-Jul-25,Mumbai (BOM),Hyderabad (HYD),A21N (VT-ILG),1:15,11:55 AM,12:25 PM,1:35 PM,,Landed 1:40 PM,  , 
, ,21-Jul-25,Mumbai (BOM),Hyderabad (HYD),A21N (VT-IUO),1:06,11:55 AM,2:00 PM,1:35 PM,,Landed 3:06 PM,  , 
, ,20-Jul-25,Mumbai (BOM),Hyderabad (HYD),A21N (VT-ICG),1:11,11:55 AM,12:07 PM,1:35 PM,,Landed 1:17 PM,  , 
, ,19-Jul-25,Mumbai (BOM),Hyderabad (HYD),A21N (VT-ICG),1:05,11:55 AM,12:17 PM,1:35 PM,,Landed 1:22 PM,,
,,,,,,,,,,,,,
57,AI2503,,,,,,,,,,,,
, ,25-Jul-25,Mumbai (BOM),Coimbatore (CJB),A321 (VT-PPV),1:31,12:00 PM,12:27 PM,1:45 PM,,Landed 1:59 PM,  , 
, ,24-Jul-25,Mumbai (BOM),Coimbatore (CJB),A20N (VT-RTL),1:33,12:00 PM,12:15 PM,1:45 PM,,Landed 1:48 PM,  , 
, ,23-Jul-25,Mumbai (BOM),Coimbatore (CJB),A20N (VT-RTN),1:34,12:00 PM,12:29 PM,1:45 PM,,Landed 2:03 PM,  , 
, ,22-Jul-25,Mumbai (BOM),Coimbatore (CJB),A20N (VT-RTN),1:31,12:00 PM,12:29 PM,1:45 PM,,Landed 2:00 PM,  , 
, ,21-Jul-25,Mumbai (BOM),Coimbatore (CJB),A20N (VT-RTK),1:29,12:00 PM,1:35 PM,1:45 PM,,Landed 3:04 PM,  , 
, ,20-Jul-25,Mumbai (BOM),Coimbatore (CJB),A20N (VT-RTN),1:36,12:00 PM,12:05 PM,1:45 PM,,Landed 1:41 PM,  , 
, ,19-Jul-25,Mumbai (BOM),Coimbatore (CJB),A20N (VT-EXQ),1:27,12:00 PM,12:19 PM,1:45 PM,,Landed 1:47 PM,,
,,,,,,,,,,,,,
58,6E5276,,,,,,,,,,,,
, ,25-Jul-25,Mumbai (BOM),Gwalior (GWL),A320 (VT-IAR),1:31,12:00 PM,12:16 PM,2:00 PM,,Landed 1:46 PM,  , 
, ,24-Jul-25,Mumbai (BOM),Gwalior (GWL),A320 (VT-IAX),1:33,12:00 PM,12:32 PM,2:00 PM,,Landed 2:04 PM,  , 
, ,23-Jul-25,Mumbai (BOM),Gwalior (GWL),A20N (VT-IQG),1:31,12:00 PM,12:37 PM,2:00 PM,,Landed 2:08 PM,  , 
, ,22-Jul-25,Mumbai (BOM),Gwalior (GWL),A20N (VT-IIH),1:38,12:00 PM,12:27 PM,2:00 PM,,Landed 2:04 PM,  , 
, ,21-Jul-25,Mumbai (BOM),Gwalior (GWL),A20N (VT-IIS),1:32,12:00 PM,1:48 PM,2:00 PM,,Landed 3:19 PM,  , 
, ,20-Jul-25,Mumbai (BOM),Gwalior (GWL),A20N (VT-IVY),1:30,12:00 PM,12:04 PM,2:00 PM,,Landed 1:34 PM,  , 
, ,19-Jul-25,Mumbai (BOM),Gwalior (GWL),A20N (VT-IVY),1:29,12:00 PM,12:09 PM,2:00 PM,,Landed 1:37 PM,,
